[
  {
    "id": "hackathon-winner-2024",
    "title": "TechFest 2024 - First Place Winner",
    "summary": "Won first place at TechFest 2024 hackathon for developing an AI-powered sustainability solution that reduces carbon footprint by 30%.",
    "description": "# TechFest 2024 Hackathon Winner\n\nAwarded first place among 200+ participants at TechFest 2024, one of the largest technology hackathons in the region. Our team developed 'EcoTrack AI', an innovative solution for carbon footprint tracking and reduction.\n\n## Project: EcoTrack AI\n- **Problem**: Lack of personalized carbon footprint tracking for individuals and small businesses\n- **Solution**: AI-powered app that analyzes daily activities and suggests actionable steps to reduce environmental impact\n- **Impact**: Demonstrated 30% reduction in carbon footprint among beta users\n\n## Key Features\n- Real-time carbon footprint calculation\n- Personalized sustainability recommendations\n- Gamification with rewards and challenges\n- Integration with smart home devices\n- Community sharing and comparison\n\n## Recognition\n- **Prize**: $10,000 cash prize + 6-month incubation program\n- **Media Coverage**: Featured in Tech Today magazine and local news\n- **Mentorship**: Ongoing guidance from industry experts",
    "image": "../Assets/achievements/hackathon-2024.png",
    "tech": ["React Native", "Python", "TensorFlow", "AWS", "MongoDB"],
    "links": {
      "certificate": "../Assets/certificates/techfest-2024-winner.pdf",
      "media": "https://techtoday.com/hackathon-winners-2024"
    },
    "category": "Competition",
    "date": "2024-08-20",
    "featured": true
  },
  {
    "id": "research-publication",
    "title": "Published Research Paper on ML Optimization",
    "summary": "Co-authored research paper on novel machine learning optimization techniques published in IEEE International Conference on AI.",
    "description": "# Research Publication: ML Optimization Techniques\n\nCo-authored a research paper titled 'Adaptive Gradient Optimization for Deep Neural Networks: A Novel Approach to Convergence Acceleration' published in the IEEE International Conference on Artificial Intelligence.\n\n## Research Contribution\n- Developed a novel optimization algorithm that improves training speed by 25%\n- Demonstrated superior performance across multiple benchmark datasets\n- Provided theoretical analysis and empirical validation\n\n## Publication Details\n- **Conference**: IEEE International Conference on AI 2024\n- **Citation Count**: 15+ citations within 6 months\n- **Impact Factor**: 3.2\n- **Peer Review**: Accepted after rigorous peer review process\n\n## Key Innovations\n- Adaptive learning rate scheduling based on gradient variance\n- Memory-efficient implementation for large-scale models\n- Cross-platform compatibility and easy integration\n\n## Recognition\n- Selected for oral presentation at the conference\n- Featured in conference highlights\n- Invited for follow-up research collaboration",
    "image": "../Assets/achievements/research-paper.png",
    "tech": ["Python", "PyTorch", "NumPy", "Matplotlib", "LaTeX"],
    "links": {
      "paper": "https://ieeexplore.ieee.org/document/12345678",
      "presentation": "../Assets/presentations/ml-optimization-ieee-2024.pdf"
    },
    "category": "Research",
    "date": "2024-05-15",
    "featured": true
  },
  {
    "id": "coding-competition-rank",
    "title": "Top 1% in National Coding Championship",
    "summary": "Achieved top 1% ranking in the National Coding Championship 2024 among 50,000+ participants, solving complex algorithmic problems.",
    "description": "# National Coding Championship 2024\n\nSecured a position in the top 1% among over 50,000 participants in the National Coding Championship 2024, demonstrating exceptional problem-solving skills and algorithmic thinking.\n\n## Competition Details\n- **Participants**: 50,000+ coders from across the country\n- **Final Rank**: 487th position (Top 1%)\n- **Duration**: 48-hour coding marathon\n- **Problem Categories**: Algorithms, Data Structures, Dynamic Programming, Graph Theory\n\n## Performance Highlights\n- Solved 12 out of 15 complex algorithmic problems\n- Average solution time: 45 minutes per problem\n- Perfect scores on Dynamic Programming section\n- Efficient solutions with optimal time complexity\n\n## Key Problems Solved\n- Advanced graph traversal and shortest path algorithms\n- Complex dynamic programming with state optimization\n- String manipulation and pattern matching\n- Tree and binary search optimization\n\n## Skills Demonstrated\n- Advanced data structures and algorithms\n- Time and space complexity optimization\n- Problem decomposition and pattern recognition\n- Code efficiency and clean implementation",
    "image": "../Assets/achievements/coding-championship.png",
    "tech": ["C++", "Python", "Algorithms", "Data Structures"],
    "links": {
      "certificate": "../Assets/certificates/coding-championship-2024.pdf",
      "leaderboard": "https://codingchampionship.org/leaderboard/2024"
    },
    "category": "Competition",
    "date": "2024-04-10",
    "featured": true
  },
  {
    "id": "open-source-contribution",
    "title": "Major Open Source Contributor",
    "summary": "Contributed 500+ commits to popular open-source projects including scikit-learn and React ecosystem, impacting millions of developers.",
    "description": "# Open Source Contributions\n\nActive contributor to major open-source projects with over 500 commits merged into popular repositories. Contributions have directly impacted millions of developers worldwide.\n\n## Major Contributions\n\n### Scikit-learn\n- **Commits**: 150+ merged pull requests\n- **Impact**: Performance improvements for clustering algorithms\n- **Recognition**: Listed as core contributor for version 1.3.0\n\n### React Ecosystem\n- **Projects**: React Router, Material-UI, Framer Motion\n- **Contributions**: Bug fixes, feature enhancements, documentation\n- **Downloads**: Components used in 10M+ monthly downloads\n\n### Personal Projects\n- **Stars**: 2,000+ GitHub stars across repositories\n- **Forks**: 500+ forks and community contributions\n- **Issues**: Maintained 95%+ issue resolution rate\n\n## Community Impact\n- **Mentorship**: Guided 50+ new contributors\n- **Documentation**: Authored comprehensive guides and tutorials\n- **Speaking**: Presented at 3 open-source conferences\n- **Maintenance**: Actively maintaining 5 popular packages\n\n## Recognition\n- GitHub Arctic Code Vault Contributor\n- Hacktoberfest 2023 & 2024 Maintainer\n- Featured in GitHub's Developer Spotlight",
    "image": "../Assets/achievements/open-source.png",
    "tech": ["JavaScript", "Python", "TypeScript", "React", "Git"],
    "links": {
      "github": "https://github.com/Dinesh-Kumar-E",
      "contributions": "https://github.com/pulls?q=author%3ADinesh-Kumar-E"
    },
    "category": "Open Source",
    "date": "2024-03-01",
    "featured": false
  }
]
