[
  {
    "id": "aws-solutions-architect",
    "title": "AWS Certified Solutions Architect - Professional",
    "issuer": "Amazon Web Services",
    "date": "2024-06-15",
    "expiry": "2027-06-15",
    "credential_id": "AWS-PSA-2024-DKE-789123",
    "description": "Advanced certification demonstrating expertise in designing distributed systems and architectures on AWS platform. Covers advanced topics including multi-tier applications, enterprise integration, data storage, security, and cost optimization.",
    "skills": ["Cloud Architecture", "AWS Services", "Security", "Cost Optimization", "Scalability"],
    "logo": "../Assets/certifications/aws-logo.png",
    "certificate": "../Assets/certificates/aws-solutions-architect-pro.pdf",
    "verification_url": "https://aws.amazon.com/verification/DKE789123",
    "level": "Professional",
    "category": "Cloud Computing"
  },
  {
    "id": "tensorflow-developer",
    "title": "TensorFlow Developer Certificate",
    "issuer": "Google",
    "date": "2024-04-20",
    "expiry": "2027-04-20",
    "credential_id": "TF-DEV-2024-456789",
    "description": "Professional certification validating skills in building and training neural networks using TensorFlow. Demonstrates proficiency in image classification, natural language processing, time series forecasting, and computer vision applications.",
    "skills": ["TensorFlow", "Deep Learning", "Neural Networks", "Computer Vision", "NLP"],
    "logo": "../Assets/certifications/tensorflow-logo.png",
    "certificate": "../Assets/certificates/tensorflow-developer.pdf",
    "verification_url": "https://www.credential.net/456789",
    "level": "Professional",
    "category": "Machine Learning"
  },
  {
    "id": "azure-data-scientist",
    "title": "Microsoft Certified: Azure Data Scientist Associate",
    "issuer": "Microsoft",
    "date": "2024-03-10",
    "expiry": "2026-03-10",
    "credential_id": "MS-ADS-2024-123456",
    "description": "Certification demonstrating expertise in implementing and running machine learning workloads on Azure. Covers data exploration, model training, deployment, and monitoring using Azure Machine Learning services.",
    "skills": ["Azure ML", "Python", "Data Science", "MLOps", "Model Deployment"],
    "logo": "../Assets/certifications/azure-logo.png",
    "certificate": "../Assets/certificates/azure-data-scientist.pdf",
    "verification_url": "https://www.credly.com/badges/123456",
    "level": "Associate",
    "category": "Data Science"
  },
  {
    "id": "kubernetes-administrator",
    "title": "Certified Kubernetes Administrator (CKA)",
    "issuer": "Cloud Native Computing Foundation",
    "date": "2024-02-28",
    "expiry": "2027-02-28",
    "credential_id": "CKA-2024-987654",
    "description": "Hands-on certification for Kubernetes administrators. Validates skills in cluster architecture, workloads and scheduling, services and networking, storage, troubleshooting, and cluster maintenance.",
    "skills": ["Kubernetes", "Container Orchestration", "DevOps", "Cloud Native", "Docker"],
    "logo": "../Assets/certifications/cncf-logo.png",
    "certificate": "../Assets/certificates/kubernetes-administrator.pdf",
    "verification_url": "https://www.cncf.io/certification/verify/987654",
    "level": "Professional",
    "category": "DevOps"
  },
  {
    "id": "pytorch-certification",
    "title": "PyTorch Certified Developer",
    "issuer": "PyTorch Foundation",
    "date": "2024-01-15",
    "expiry": "2026-01-15",
    "credential_id": "PYTORCH-2024-555777",
    "description": "Certification validating proficiency in building, training, and deploying deep learning models using PyTorch. Covers neural network architectures, optimization techniques, and production deployment strategies.",
    "skills": ["PyTorch", "Deep Learning", "Neural Networks", "Model Optimization", "GPU Computing"],
    "logo": "../Assets/certifications/pytorch-logo.png",
    "certificate": "../Assets/certificates/pytorch-developer.pdf",
    "verification_url": "https://pytorch.org/certification/verify/555777",
    "level": "Professional",
    "category": "Machine Learning"
  },
  {
    "id": "react-advanced",
    "title": "Advanced React Developer Certification",
    "issuer": "React Training",
    "date": "2023-12-05",
    "expiry": "2025-12-05",
    "credential_id": "REACT-ADV-2023-333888",
    "description": "Advanced certification demonstrating mastery of React ecosystem including hooks, context, performance optimization, testing, and modern React patterns. Covers advanced topics like concurrent features and server-side rendering.",
    "skills": ["React", "JavaScript", "TypeScript", "Performance Optimization", "Testing"],
    "logo": "../Assets/certifications/react-logo.png",
    "certificate": "../Assets/certificates/react-advanced-developer.pdf",
    "verification_url": "https://reacttraining.com/verify/333888",
    "level": "Advanced",
    "category": "Frontend Development"
  },
  {
    "id": "ethical-ai",
    "title": "Certified Ethical AI Practitioner",
    "issuer": "AI Ethics Institute",
    "date": "2023-11-20",
    "expiry": "2025-11-20",
    "credential_id": "ETHICAL-AI-2023-777999",
    "description": "Certification focusing on responsible AI development and deployment. Covers bias detection, fairness metrics, explainable AI, privacy-preserving techniques, and ethical considerations in machine learning systems.",
    "skills": ["AI Ethics", "Bias Detection", "Explainable AI", "Privacy", "Responsible AI"],
    "logo": "../Assets/certifications/ai-ethics-logo.png",
    "certificate": "../Assets/certificates/ethical-ai-practitioner.pdf",
    "verification_url": "https://aiethics.org/verify/777999",
    "level": "Professional",
    "category": "AI Ethics"
  },
  {
    "id": "mongodb-developer",
    "title": "MongoDB Certified Developer Associate",
    "issuer": "MongoDB Inc.",
    "date": "2023-10-10",
    "expiry": "2025-10-10",
    "credential_id": "MONGO-DEV-2023-111222",
    "description": "Certification validating skills in MongoDB database development including data modeling, indexing, aggregation pipeline, transactions, and performance optimization for modern applications.",
    "skills": ["MongoDB", "NoSQL", "Database Design", "Aggregation", "Performance Tuning"],
    "logo": "../Assets/certifications/mongodb-logo.png",
    "certificate": "../Assets/certificates/mongodb-developer.pdf",
    "verification_url": "https://university.mongodb.com/verify/111222",
    "level": "Associate",
    "category": "Database"
  }
]
