[
  {
    "id": "adaptive-ml-optimization",
    "title": "Adaptive Gradient Optimization for Deep Neural Networks",
    "abstract": "This research presents a novel optimization algorithm that dynamically adapts learning rates based on gradient variance patterns, achieving 25% faster convergence while maintaining model accuracy. The proposed method addresses the challenge of manual hyperparameter tuning in deep learning by introducing an adaptive mechanism that automatically adjusts optimization parameters during training.",
    "description": "# Adaptive Gradient Optimization for Deep Neural Networks\n\n## Abstract\nTraditional gradient descent optimization methods often struggle with convergence speed and stability in deep neural networks. This research introduces AGOD (Adaptive Gradient Optimization with Dynamic scheduling), a novel algorithm that monitors gradient variance patterns to automatically adjust learning rates and momentum parameters during training.\n\n## Methodology\n### Algorithm Design\n- **Gradient Variance Monitoring**: Real-time analysis of gradient statistics\n- **Dynamic Learning Rate Scheduling**: Adaptive adjustment based on convergence patterns\n- **Momentum Optimization**: Smart momentum scaling to prevent oscillations\n- **Memory Efficiency**: Optimized implementation for large-scale models\n\n### Experimental Setup\n- **Datasets**: CIFAR-10, ImageNet, Penn Treebank, WMT14\n- **Models**: ResNet, Transformer, LSTM, CNN architectures\n- **Baselines**: Adam, AdaGrad, RMSprop, SGD with momentum\n- **Metrics**: Convergence speed, final accuracy, computational overhead\n\n## Key Findings\n- **25% faster convergence** compared to standard optimization methods\n- **Improved stability** in training large-scale models\n- **Reduced hyperparameter sensitivity** across different architectures\n- **Memory efficiency** with only 2% overhead\n\n## Theoretical Contributions\n- Mathematical proof of convergence guarantees\n- Analysis of gradient variance patterns in deep networks\n- Framework for adaptive optimization in non-convex settings\n\n## Practical Applications\n- Training efficiency for resource-constrained environments\n- Automated machine learning pipelines\n- Large-scale distributed training scenarios\n\n## Future Work\n- Extension to federated learning scenarios\n- Integration with neural architecture search\n- Application to reinforcement learning optimization",
    "authors": ["Dinesh Kumar E", "Dr. Sarah Johnson", "Prof. Michael Chen"],
    "publication": "IEEE International Conference on Artificial Intelligence 2024",
    "date": "2024-05-15",
    "status": "published",
    "tags": ["Machine Learning", "Optimization", "Deep Learning", "Neural Networks"],
    "links": {
      "paper": "https://ieeexplore.ieee.org/document/12345678",
      "arxiv": "https://arxiv.org/abs/2405.12345",
      "code": "https://github.com/Dinesh-Kumar-E/adaptive-gradient-optimization",
      "presentation": "/Assets/presentations/agod-ieee-2024.pdf"
    },
    "citations": 15,
    "impact_factor": 3.2,
    "featured": true
  },
  {
    "id": "quantum-ml-algorithms",
    "title": "Quantum-Enhanced Machine Learning Algorithms for Optimization Problems",
    "abstract": "Exploring the intersection of quantum computing and machine learning, this research investigates quantum-enhanced algorithms for solving complex optimization problems. We propose a hybrid quantum-classical approach that leverages quantum superposition and entanglement to explore solution spaces more efficiently than classical methods.",
    "description": "# Quantum-Enhanced Machine Learning Algorithms\n\n## Introduction\nQuantum computing presents unprecedented opportunities for enhancing machine learning algorithms, particularly in optimization-heavy tasks. This research explores hybrid quantum-classical approaches that combine the computational advantages of quantum systems with the practical implementation of classical machine learning.\n\n## Research Objectives\n- Develop quantum-enhanced optimization algorithms for ML problems\n- Analyze quantum advantage in high-dimensional optimization spaces\n- Create practical hybrid implementations for near-term quantum devices\n- Establish theoretical foundations for quantum ML optimization\n\n## Methodology\n### Quantum Algorithm Design\n- **Variational Quantum Eigensolvers (VQE)** for optimization landscapes\n- **Quantum Approximate Optimization Algorithm (QAOA)** adaptations\n- **Quantum Gradient Descent** with amplitude amplification\n- **Hybrid Classical-Quantum Neural Networks**\n\n### Implementation Framework\n- Qiskit-based quantum circuit implementation\n- Integration with PyTorch for hybrid training\n- Error mitigation techniques for noisy quantum devices\n- Scalability analysis for increasing problem sizes\n\n## Experimental Results\n### Optimization Performance\n- **50% reduction** in iterations for combinatorial optimization\n- **Quantum advantage** demonstrated for problems with >100 variables\n- **Noise resilience** validated on IBM quantum hardware\n- **Hybrid approach** outperforms pure classical methods\n\n### Benchmark Problems\n- Portfolio optimization with 200+ assets\n- Neural network hyperparameter tuning\n- Feature selection in high-dimensional datasets\n- Graph coloring and traveling salesman variants\n\n## Theoretical Contributions\n- Complexity analysis of quantum-enhanced ML algorithms\n- Error bounds for noisy intermediate-scale quantum (NISQ) devices\n- Convergence guarantees for hybrid optimization methods\n\n## Current Limitations\n- Quantum hardware constraints (coherence time, gate fidelity)\n- Limited problem sizes due to current quantum computer capabilities\n- Need for specialized quantum programming expertise\n\n## Future Directions\n- Fault-tolerant quantum algorithm development\n- Integration with quantum machine learning frameworks\n- Applications to real-world industrial optimization problems",
    "authors": ["Dinesh Kumar E", "Dr. Alice Quantum", "Prof. Bob Einstein"],
    "publication": "Under Review - Nature Quantum Information",
    "date": "2024-08-01",
    "status": "under_review",
    "tags": ["Quantum Computing", "Machine Learning", "Optimization", "Hybrid Algorithms"],
    "links": {
      "arxiv": "https://arxiv.org/abs/2408.12345",
      "code": "https://github.com/Dinesh-Kumar-E/quantum-ml-optimization",
      "presentation": "/Assets/presentations/quantum-ml-2024.pdf"
    },
    "citations": 3,
    "featured": true
  },
  {
    "id": "nlp-multimodal-fusion",
    "title": "Multimodal Fusion Techniques for Enhanced Natural Language Understanding",
    "abstract": "This work presents novel multimodal fusion architectures that combine textual, visual, and audio information for improved natural language understanding. Our approach introduces attention-based fusion mechanisms that selectively integrate information from different modalities, achieving state-of-the-art performance on several benchmark datasets.",
    "description": "# Multimodal Fusion for Natural Language Understanding\n\n## Problem Statement\nTraditional NLP models process text in isolation, missing crucial contextual information available in other modalities. This research addresses the challenge of effectively combining textual, visual, and audio information to enhance language understanding tasks.\n\n## Proposed Architecture\n### Multimodal Attention Mechanism\n- **Cross-Modal Attention**: Attention layers that span across different modalities\n- **Hierarchical Fusion**: Multi-level integration from feature to semantic levels\n- **Adaptive Weighting**: Dynamic importance assignment to different modalities\n- **Temporal Alignment**: Synchronization of temporal information across modalities\n\n### Model Components\n- **Text Encoder**: BERT-based transformer with domain adaptation\n- **Vision Encoder**: ResNet + Visual Transformer hybrid\n- **Audio Encoder**: Wav2Vec 2.0 with spectral attention\n- **Fusion Module**: Novel cross-modal transformer architecture\n\n## Experimental Validation\n### Datasets\n- **MELD**: Emotion recognition in conversations\n- **CMU-MOSEI**: Sentiment analysis with multimodal data\n- **VQA 2.0**: Visual question answering\n- **AudioCaps**: Audio captioning and description\n\n### Performance Results\n- **15% improvement** in emotion recognition accuracy\n- **State-of-the-art** performance on CMU-MOSEI benchmark\n- **Robust performance** across different modality combinations\n- **Efficient inference** with 30% faster processing\n\n## Technical Innovations\n- Novel attention mechanism for cross-modal information fusion\n- Adaptive modality weighting based on content analysis\n- Efficient training strategy with progressive modality integration\n- Interpretable attention visualizations for model explainability\n\n## Applications\n- Human-computer interaction systems\n- Autonomous vehicle perception\n- Healthcare diagnosis assistance\n- Educational technology platforms\n\n## Code and Reproducibility\n- Complete implementation available on GitHub\n- Comprehensive documentation and tutorials\n- Pre-trained models for research community\n- Benchmark evaluation scripts and datasets",
    "authors": ["Dinesh Kumar E", "Dr. Emma Wilson", "Prof. David Kim"],
    "publication": "ACL 2024 (Accepted)",
    "date": "2024-07-20",
    "status": "accepted",
    "tags": ["NLP", "Multimodal Learning", "Attention Mechanisms", "Deep Learning"],
    "links": {
      "paper": "https://aclanthology.org/2024.acl-long.123/",
      "code": "https://github.com/Dinesh-Kumar-E/multimodal-nlp-fusion",
      "dataset": "https://huggingface.co/datasets/dinesh-kumar-e/multimodal-nlp"
    },
    "citations": 8,
    "featured": true
  }
]
