[
  {
    "category": "Languages",
    "skills": [
      { "name": "Python", "icon": "../Assets/skills/python.svg" },
      { "name": "JavaScript", "icon": "../Assets/skills/javascript.png" },
      { "name": "TypeScript", "icon": "../Assets/skills/typescript.png" },
      { "name": "C++", "icon": "../Assets/skills/cpp.png" },
      { "name": "Java", "icon": "../Assets/skills/java.png" },
      { "name": "SQL", "icon": "../Assets/skills/sql.png" }
    ]
  },
  {
    "category": "Frontend",
    "skills": [
      { "name": "React", "icon": "../Assets/skills/react.png" },
      { "name": "Next.js", "icon": "../Assets/skills/nextjs.png" },
      { "name": "Vue.js", "icon": "../Assets/skills/vue.png" },
      { "name": "TailwindCSS", "icon": "../Assets/skills/tailwind.png" },
      { "name": "HTML5", "icon": "../Assets/skills/html5.png" },
      { "name": "CSS3", "icon": "../Assets/skills/css3.png" }
    ]
  },
  {
    "category": "Backend",
    "skills": [
      { "name": "Node.js", "icon": "../Assets/skills/nodejs.png" },
      { "name": "Express.js", "icon": "../Assets/skills/express.png" },
      { "name": "Django", "icon": "../Assets/skills/django.png" },
      { "name": "Flask", "icon": "../Assets/skills/flask.png" },
      { "name": "FastAPI", "icon": "../Assets/skills/fastapi.png" },
      { "name": "MongoDB", "icon": "../Assets/skills/mongodb.png" }
    ]
  },
  {
    "category": "ML / AI",
    "skills": [
      { "name": "PyTorch", "icon": "../Assets/skills/pytorch.png" },
      { "name": "TensorFlow", "icon": "../Assets/skills/tensorflow.png" },
      { "name": "Scikit-learn", "icon": "../Assets/skills/sklearn.png" },
      { "name": "Pandas", "icon": "../Assets/skills/pandas.png" },
      { "name": "NumPy", "icon": "../Assets/skills/numpy.png" },
      { "name": "OpenCV", "icon": "../Assets/skills/opencv.png" }
    ]
  },
  {
    "category": "Tools & DevOps",
    "skills": [
      { "name": "Git", "icon": "../Assets/skills/git.png" },
      { "name": "Docker", "icon": "../Assets/skills/docker.png" },
      { "name": "AWS", "icon": "../Assets/skills/aws.png" },
      { "name": "Linux", "icon": "../Assets/skills/linux.png" },
      { "name": "VS Code", "icon": "../Assets/skills/vscode.png" },
      { "name": "Jupyter", "icon": "../Assets/skills/jupyter.png" }
    ]
  },
  {
    "category": "Databases",
    "skills": [
      { "name": "PostgreSQL", "icon": "../Assets/skills/postgresql.png" },
      { "name": "MySQL", "icon": "../Assets/skills/mysql.png" },
      { "name": "Redis", "icon": "../Assets/skills/redis.png" },
      { "name": "SQLite", "icon": "../Assets/skills/sqlite.png" }
    ]
  }
]
