[
  {
    "id": "1",
    "institution": "Sri Venkateswaran College of Engineering",
    "degree": "Bachelor of Technology",
    "field": "Computer Science and Engineering",
    "duration": "2020 - 2024",
    "endYear": "2024",
    "grade": "8.5 CGPA",
    "description": "Specialized in software engineering, data structures, algorithms, and machine learning. Completed major projects in web development and AI with focus on full-stack development and modern frameworks.",
    "type": "university"
  },
  {
    "id": "2",
    "institution": "Kendriya Vidyalaya",
    "degree": "Higher Secondary Certificate",
    "field": "Computer Science",
    "duration": "2018 - 2020",
    "endYear": "2020",
    "grade": "95%",
    "description": "Focused on mathematics, physics, chemistry, and computer science fundamentals. Developed strong analytical and problem-solving skills with emphasis on programming and logical thinking.",
    "type": "college"
  },
  {
    "id": "3",
    "institution": "Online Certification Platform",
    "degree": "AWS Cloud Practitioner",
    "field": "Cloud Computing",
    "duration": "2023",
    "endYear": "2023",
    "grade": "Certified",
    "description": "Comprehensive certification covering AWS cloud services, architecture best practices, security, and cost optimization strategies for modern cloud applications.",
    "type": "certification"
  }
]
