[
  {
    "id": "1",
    "company": "Tech Innovators Inc.",
    "position": "Full Stack Developer",
    "type": "full-time",
    "duration": "Jan 2024 - Present",
    "endDate": "Present",
    "workMode": "hybrid",
    "description": "Leading development of scalable web applications using modern tech stack. Collaborating with cross-functional teams to deliver high-quality software solutions that serve thousands of users daily.",
    "technologies": [
      "React",
      "Node.js",
      "TypeScript",
      "MongoDB",
      "AWS",
      "Docker",
      "Kubernetes",
      "Redis",
      "GraphQL",
      "Jest"
    ],
    "companyUrl": "https://techinnovators.com"
  },
  {
    "id": "2",
    "company": "StartupXYZ",
    "position": "Frontend Developer Intern",
    "type": "internship",
    "duration": "Jun 2023 - Dec 2023",
    "endDate": "2023-12",
    "workMode": "onsite",
    "description": "Contributed to the development of the company's main product, a SaaS platform for small businesses. Worked closely with the product team to implement new features and improve user experience.",
    "technologies": [
      "Vue.js",
      "JavaScript",
      "CSS3",
      "SASS",
      "REST APIs",
      "Git",
      "Webpack",
      "Chart.js",
      "Bootstrap"
    ],
    "companyUrl": "https://startupxyz.com"
  },
  {
    "id": "3",
    "company": "Freelance",
    "position": "Web Developer",
    "type": "freelance",
    "duration": "Jan 2023 - May 2023",
    "endDate": "2023-05",
    "workMode": "remote",
    "description": "Provided comprehensive web development services to small businesses and startups. Specialized in creating modern, responsive websites and web applications tailored to client needs.",
    "technologies": [
      "React",
      "Next.js",
      "WordPress",
      "PHP",
      "MySQL",
      "Tailwind CSS",
      "Vercel",
      "Figma"
    ]
  }
]
