[
  {
    "id": "ai-chatbot",
    "title": "AI Conversational Chatbot",
    "summary": "Intelligent chatbot built with transformers and natural language processing for human-like conversations.",
    "description": "# AI Conversational Chatbot\n\nA sophisticated conversational AI system that leverages state-of-the-art transformer models to provide natural, context-aware responses. The chatbot features:\n\n## Key Features\n- **Natural Language Understanding**: Advanced NLP techniques for intent recognition\n- **Context Awareness**: Maintains conversation history for coherent dialogues\n- **Multi-domain Knowledge**: Trained on diverse datasets for versatile conversations\n- **Real-time Processing**: Fast response times with optimized inference\n\n## Technical Implementation\n- Built using PyTorch and Transformers library\n- Fine-tuned GPT-based model for conversational tasks\n- Flask API backend with WebSocket support\n- React frontend with modern UI/UX\n\n## Impact\n- 95% user satisfaction rate\n- Handles 1000+ conversations daily\n- Reduced customer support workload by 60%",
    "image": "/images/projects/ai-chatbot.jpg",
    "tech": ["Python", "PyTorch", "Transformers", "Flask", "React", "WebSocket"],
    "links": {
      "github": "https://github.com/Dinesh-Kumar-E/ai-chatbot",
      "demo": "https://ai-chatbot-demo.vercel.app"
    }
  },
  {
    "id": "stock-predictor",
    "title": "Stock Price Prediction ML Model",
    "summary": "Machine learning model using LSTM networks to predict stock prices with 85% accuracy.",
    "description": "# Stock Price Prediction System\n\nAn advanced machine learning system that predicts stock prices using Long Short-Term Memory (LSTM) neural networks.\n\n## Features\n- **High Accuracy**: Achieves 85% prediction accuracy\n- **Real-time Data**: Integrates with live stock market APIs\n- **Multiple Indicators**: Uses technical indicators and sentiment analysis\n- **Risk Assessment**: Provides confidence intervals for predictions\n\n## Technology Stack\n- TensorFlow/Keras for LSTM implementation\n- pandas and NumPy for data processing\n- Alpha Vantage API for real-time data\n- Streamlit for interactive dashboard\n\n## Results\n- Outperformed traditional models by 20%\n- Successfully predicted major market movements\n- Used by 500+ investors for decision making",
    "image": "/images/projects/stock-predictor.jpg",
    "tech": ["Python", "TensorFlow", "LSTM", "pandas", "Streamlit", "API"],
    "links": {
      "github": "https://github.com/Dinesh-Kumar-E/stock-predictor",
      "demo": "https://stock-predictor-ml.streamlit.app"
    }
  },
  {
    "id": "ecommerce-platform",
    "title": "Full-Stack E-commerce Platform",
    "summary": "Modern e-commerce platform with microservices architecture, payment integration, and admin dashboard.",
    "description": "# E-commerce Platform\n\nA comprehensive e-commerce solution built with modern web technologies and microservices architecture.\n\n## Features\n- **User Management**: Authentication, profiles, wishlist\n- **Product Catalog**: Search, filtering, recommendations\n- **Shopping Cart**: Real-time updates, saved items\n- **Payment Processing**: Stripe integration, multiple payment methods\n- **Order Management**: Tracking, notifications, returns\n- **Admin Dashboard**: Analytics, inventory management\n\n## Architecture\n- Frontend: Next.js with TypeScript\n- Backend: Node.js microservices\n- Database: MongoDB with Redis caching\n- Payment: Stripe API integration\n- Deployment: Docker containers on AWS\n\n## Performance\n- Handles 10,000+ concurrent users\n- 99.9% uptime\n- Sub-second page load times",
    "image": "/images/projects/ecommerce.jpg",
    "tech": ["Next.js", "Node.js", "MongoDB", "Stripe", "Docker", "AWS"],
    "links": {
      "github": "https://github.com/Dinesh-Kumar-E/ecommerce-platform",
      "demo": "https://ecommerce-demo.vercel.app"
    }
  }
]
