[
  {
    "id": "medical-ai-segmentation",
    "title": "Advanced Deep Learning for Medical Image Segmentation",
    "abstract": "This research presents a novel deep learning architecture that significantly improves medical image segmentation accuracy while reducing computational complexity. Our approach combines attention mechanisms with efficient convolution operations to achieve state-of-the-art results on multiple medical imaging datasets.",
    "description": "# Advanced Deep Learning for Medical Image Segmentation\n\n## Abstract\nMedical image segmentation is crucial for computer-aided diagnosis and treatment planning. This research introduces a novel deep learning architecture that addresses the limitations of existing methods.\n\n## Methodology\n\n### Architecture Design\n- **Attention-Guided U-Net**: Enhanced U-Net with attention mechanisms\n- **Multi-Scale Feature Fusion**: Combines features at different scales\n- **Efficient Convolutions**: Reduces parameters while maintaining accuracy\n\n### Dataset\n- 10,000+ medical images from 5 hospitals\n- Multiple modalities: CT, MRI, X-ray\n- Expert annotations from radiologists\n\n## Results\n\n### Performance Metrics\n- **Dice Score**: 0.92 (15% improvement)\n- **IoU**: 0.85 (12% improvement)  \n- **Inference Time**: 0.3s (30% faster)\n- **Parameters**: 2.1M (40% reduction)\n\n### Clinical Validation\n- Tested in 3 hospitals\n- Validated by 15 radiologists\n- 95% agreement with expert annotations\n\n## Impact\n- Adopted by medical imaging companies\n- Integrated into hospital workflows\n- Reduced diagnosis time by 50%\n- Improved accuracy in early disease detection",
    "tags": ["Deep Learning", "Medical Imaging", "Computer Vision", "Healthcare AI"],
    "status": "Published",
    "journal": "IEEE Transactions on Medical Imaging",
    "date": "2024-06-15",
    "citations": 25,
    "links": {
      "paper": "https://ieeexplore.ieee.org/document/12345",
      "code": "https://github.com/Dinesh-Kumar-E/medical-segmentation",
      "dataset": "https://example.com/dataset"
    }
  },
  {
    "id": "nlp-sentiment-analysis",
    "title": "Multimodal Sentiment Analysis for Social Media",
    "abstract": "We propose a multimodal approach for sentiment analysis that combines textual, visual, and audio features from social media content. Our model achieves superior performance by leveraging cross-modal attention mechanisms and demonstrates robust performance across different platforms and languages.",
    "description": "# Multimodal Sentiment Analysis for Social Media\n\n## Research Overview\nSocial media content is inherently multimodal, combining text, images, and videos. Traditional sentiment analysis focuses only on text, missing crucial contextual information from other modalities.\n\n## Problem Statement\n- Text-only models miss visual/audio context\n- Different platforms have varying content styles\n- Cross-lingual sentiment analysis challenges\n- Real-time processing requirements\n\n## Proposed Solution\n\n### Multimodal Architecture\n1. **Text Encoder**: BERT-based transformer\n2. **Visual Encoder**: ResNet + attention\n3. **Audio Encoder**: Wav2Vec2 features\n4. **Fusion Module**: Cross-modal attention\n\n### Key Innovations\n- **Cross-Modal Attention**: Learns relationships between modalities\n- **Platform Adaptation**: Domain-specific fine-tuning\n- **Multilingual Support**: Zero-shot transfer learning\n\n## Experimental Results\n\n### Datasets\n- Twitter: 100K tweets with images\n- Instagram: 50K posts with videos\n- YouTube: 25K video comments\n\n### Performance\n- **Accuracy**: 91.2% (8% improvement)\n- **F1-Score**: 0.89 (multimodal vs 0.82 text-only)\n- **Cross-platform**: 85% average accuracy\n- **Inference Speed**: 50ms per sample\n\n## Applications\n- Brand monitoring and reputation management\n- Content moderation systems\n- Market research and trend analysis\n- Political sentiment tracking",
    "tags": ["NLP", "Multimodal Learning", "Sentiment Analysis", "Social Media"],
    "status": "Under Review",
    "journal": "ACL 2024",
    "date": "2024-04-20",
    "citations": 0,
    "links": {
      "preprint": "https://arxiv.org/abs/2024.12345",
      "code": "https://github.com/Dinesh-Kumar-E/multimodal-sentiment"
    }
  },
  {
    "id": "reinforcement-learning-robotics",
    "title": "Sample-Efficient Reinforcement Learning for Robotic Manipulation",
    "abstract": "This work addresses the sample efficiency problem in reinforcement learning for robotic manipulation tasks. We introduce a novel curriculum learning approach combined with meta-learning that enables robots to learn complex manipulation skills with significantly fewer training samples.",
    "description": "# Sample-Efficient Reinforcement Learning for Robotic Manipulation\n\n## Motivation\nRobotic manipulation requires extensive training data, making it expensive and time-consuming to deploy RL algorithms in real-world scenarios.\n\n## Challenges\n- **Sample Complexity**: Traditional RL requires millions of samples\n- **Sim-to-Real Gap**: Simulation models don't perfectly match reality\n- **Task Diversity**: Different manipulation tasks require different skills\n- **Safety Constraints**: Real robots can be damaged during training\n\n## Methodology\n\n### Curriculum Learning Framework\n1. **Task Decomposition**: Break complex tasks into subtasks\n2. **Difficulty Progression**: Gradually increase task complexity\n3. **Adaptive Scheduling**: Adjust curriculum based on learning progress\n\n### Meta-Learning Integration\n- **Model-Agnostic Meta-Learning (MAML)**: Fast adaptation to new tasks\n- **Few-Shot Learning**: Learn new skills with minimal examples\n- **Transfer Learning**: Leverage knowledge from previous tasks\n\n### Sim-to-Real Transfer\n- **Domain Randomization**: Vary simulation parameters\n- **Reality Gap Modeling**: Learn discrepancies between sim and real\n- **Progressive Transfer**: Gradually shift from simulation to reality\n\n## Experimental Setup\n\n### Robot Platform\n- **Hardware**: 7-DOF robotic arm with tactile sensors\n- **Tasks**: Pick-and-place, assembly, tool use\n- **Environment**: Cluttered workspace with obstacles\n\n### Baseline Comparisons\n- Standard RL algorithms (PPO, SAC, TD3)\n- Previous curriculum learning methods\n- Pure simulation training\n\n## Results\n\n### Sample Efficiency\n- **90% reduction** in required training samples\n- **5x faster** convergence compared to standard RL\n- **80% success rate** with only 1000 real-world samples\n\n### Task Performance\n- **Pick-and-place**: 95% success rate\n- **Assembly tasks**: 85% success rate\n- **Tool manipulation**: 78% success rate\n\n### Transfer Learning\n- **Cross-task transfer**: 70% performance retention\n- **New object adaptation**: 2 hours vs 20 hours training\n- **Multi-robot deployment**: Successful on 3 different platforms\n\n## Impact and Applications\n- Manufacturing automation\n- Household robotics\n- Medical assistance robots\n- Space exploration missions",
    "tags": ["Reinforcement Learning", "Robotics", "Meta-Learning", "Curriculum Learning"],
    "status": "In Progress",
    "journal": "IEEE Robotics and Automation Letters",
    "date": "2024-08-01",
    "citations": 0,
    "links": {
      "code": "https://github.com/Dinesh-Kumar-E/rl-robotics",
      "videos": "https://sites.google.com/view/rl-manipulation"
    }
  }
]
