[
  {
    "category": "Languages",
    "skills": [
      { "name": "Python", "icon": "🐍" },
      { "name": "JavaScript", "icon": "🟨" },
      { "name": "TypeScript", "icon": "🔷" },
      { "name": "C++", "icon": "⚡" },
      { "name": "Java", "icon": "☕" },
      { "name": "SQL", "icon": "🗄️" }
    ]
  },
  {
    "category": "Frontend",
    "skills": [
      { "name": "React", "icon": "⚛️" },
      { "name": "Next.js", "icon": "▲" },
      { "name": "Vue.js", "icon": "💚" },
      { "name": "TailwindCSS", "icon": "🎨" },
      { "name": "HTML5", "icon": "🌐" },
      { "name": "CSS3", "icon": "🎨" }
    ]
  },
  {
    "category": "Backend",
    "skills": [
      { "name": "Node.js", "icon": "🟢" },
      { "name": "Express.js", "icon": "🚀" },
      { "name": "Django", "icon": "🎸" },
      { "name": "Flask", "icon": "🌶️" },
      { "name": "FastAPI", "icon": "⚡" },
      { "name": "MongoDB", "icon": "🍃" }
    ]
  },
  {
    "category": "ML / AI",
    "skills": [
      { "name": "PyTorch", "icon": "🔥" },
      { "name": "TensorFlow", "icon": "🧠" },
      { "name": "Scikit-learn", "icon": "📊" },
      { "name": "Pandas", "icon": "🐼" },
      { "name": "NumPy", "icon": "🔢" },
      { "name": "OpenCV", "icon": "👁️" }
    ]
  },
  {
    "category": "Tools & DevOps",
    "skills": [
      { "name": "Git", "icon": "📚" },
      { "name": "Docker", "icon": "🐳" },
      { "name": "AWS", "icon": "☁️" },
      { "name": "Linux", "icon": "🐧" },
      { "name": "VS Code", "icon": "💻" },
      { "name": "Jupyter", "icon": "📓" }
    ]
  }
]
